Track URI,Track Name,Album Name,Artist Name(s),Release Date,Duration (ms),Popularity,Explicit,Added By,Added At,Genres,Record Label,Danceability,Energy,Key,Loudness,Mode,Speechiness,Acousticness,Instrumentalness,Liveness,Valence,Tempo,Time Signature
spotify:track:77yGZRjuWfSzbDT0ROSSUG,"Earthmover","Deathconsciousness","Have A Nice Life",2008-01-01,688000,53,false,31rw5p3cxm3uqvvdgoyq5ykue5aa,2024-01-02T09:11:39Z,"shoegaze,slowcore","The Flenser",0.347,0.557,0,-7.939,1,0.0611,0.037,0.98,0.143,0.0445,120.024,4
spotify:track:2O1fWJD4M38spxqK6ly8qZ,"Orbitron","Transmission Flux","Duster",1997-01-01,138266,50,false,31rw5p3cxm3uqvvdgoyq5ykue5aa,2024-01-02T09:12:19Z,"slowcore,shoegaze","Numero Group",0.49,0.411,2,-10.835,1,0.0303,0.0559,0.757,0.136,0.101,115.628,4
spotify:track:1oA0tDRFjY5xoNDXuMBGGA,"Please Please Please Let Me Get What I Want - 2011 Remaster","Louder Than Bombs","The Smiths",1987,112706,59,false,31rw5p3cxm3uqvvdgoyq5ykue5aa,2024-01-10T10:34:37Z,"new wave,madchester,jangle pop","WM UK",0.241,0.468,2,-9.579,1,0.0272,0.534,0,0.161,0.451,91.581,3
spotify:track:7d16ACNTVHWFLRAOGL3ZiI,"Sometimes","1234","alex_g_offline",2023-10-13,152102,72,false,31rw5p3cxm3uqvvdgoyq5ykue5aa,2024-01-02T09:12:32Z,"","alex_g_offline",0.665,0.388,10,-16.208,1,0.0432,0.851,0.806,0.0757,0.882,111.148,4
spotify:track:35YyxFpE0ZTOoqFx5bADW8,"Nude","In Rainbows","Radiohead",2007-12-28,255386,76,false,31rw5p3cxm3uqvvdgoyq5ykue5aa,2024-01-02T09:13:12Z,"art rock,rock alternativo","XL Recordings",0.516,0.342,4,-9.785,1,0.0342,0.832,0.579,0.0857,0.167,128.378,3
spotify:track:28GJnnbJ7fOKi2YBqlxWb9,"Enjoy","Post","Björk",1995-06-13,237000,0,false,31rw5p3cxm3uqvvdgoyq5ykue5aa,2024-01-10T10:31:45Z,"art pop,trip hop","One Little Independent Records",0.544,0.879,2,-10.72,1,0.0492,0.00169,0.759,0.129,0.461,84.207,4
spotify:track:27wNZm2RGG8D7OQmVnvsWA,"diskhat2","Computer Controlled Acoustic Instruments pt2 EP","Aphex Twin",2015-01-23,38388,24,false,31rw5p3cxm3uqvvdgoyq5ykue5aa,2024-01-10T03:15:27Z,"IDM,ambient,electrónica","Warp Records",0.627,0.972,1,-9.493,1,0.157,0.0229,0.807,0.12,0.276,109.99,4
spotify:track:0I0MPzbmzsjpttpkqWgNyx,"Crack Baby","Puberty 2","Mitski",2016-06-17,292031,69,false,31rw5p3cxm3uqvvdgoyq5ykue5aa,2024-01-07T14:31:22Z,"","Dead Oceans",0.181,0.553,6,-11.913,1,0.0459,0.000807,0.249,0.0759,0.057,63.608,4
spotify:track:5NLdlIggmKj4G7RB6l8Tm1,"Society","Society","Pathetic",2022-02-28,214062,65,false,31rw5p3cxm3uqvvdgoyq5ykue5aa,2024-01-10T09:15:39Z,"witch house,hyperpop,breakcore","A+",0.463,0.881,10,-3.596,1,0.036,0.0878,0.553,0.223,0.0766,120.023,4
spotify:track:3f37c6bbxasKuyxDiPYHiQ,"Dove - Doll Ver.","Dove (Doll Ver.)","antihoney",2019-05-01,136096,0,false,31rw5p3cxm3uqvvdgoyq5ykue5aa,2024-01-06T18:55:35Z,"","antihoney",0.563,0.595,2,-7.852,1,0.027,0.0836,0.221,0.345,0.121,84.986,4
spotify:track:0DPZ5bLqdWqMaJwdg6r4Zz,"Cruelty Lullaby","Flower's Grave","Yikii",2019-06-24,189332,21,false,31rw5p3cxm3uqvvdgoyq5ykue5aa,2024-01-06T19:35:54Z,"drone metal,indie chino,experimental","Genome 6.66 Mbp",0.0886,0.561,2,-7.685,1,0.0408,0.904,0.861,0.368,0.17,85.37,4
spotify:track:0Y2WmMaAkQ4FAnVUOoAGoH,"その箱の中に入る。","Denki no iryoku","Rory in early 20s",2021-06-30,100514,52,false,31rw5p3cxm3uqvvdgoyq5ykue5aa,2024-01-10T00:53:17Z,"breakcore,speedcore,jungle,hyperpop","Loli in early 20s",0.277,0.116,1,-12.941,1,0.0427,0.876,0.492,0.105,0.0332,126.661,3
spotify:track:5OKJdfJnhb7n1FRyugZssA,"Sin - 2021 Remastered","Sin of Children: re","arai tasuku",2021-11-13,250000,7,false,31rw5p3cxm3uqvvdgoyq5ykue5aa,2024-01-06T19:40:19Z,"","Drawing in Dreams Records",0.233,0.568,2,-9.131,1,0.0851,0.572,0.905,0.0914,0.0656,141.168,4
spotify:track:3Ovt6xsfPaTrNuRdiV8Jar,"Ouverture","Alice au pays des merveilles","Klimperei",2011-11-01,50146,15,false,31rw5p3cxm3uqvvdgoyq5ykue5aa,2024-01-06T19:45:35Z,"","InPolySons",0.329,0.291,8,-13.292,1,0.0892,0.967,0.949,0.11,0.634,186.601,3
spotify:track:2CmGDsT4GgbJgcXTRUEpeE,"Blank Fairy","SILENT HILL2 （Original Soundtrack）","Akira Yamaoka",2001-10-03,72466,53,false,31rw5p3cxm3uqvvdgoyq5ykue5aa,2024-01-06T20:10:59Z,"música de videojuegos japonesa","Konami Digital Entertainment Co.,Ltd.",0.235,0.602,6,-12.216,0,0.0399,0.911,0.966,0.0999,0.239,80.747,4
spotify:track:4W3IvEKVsANlGuxdTGz14P,"Twintail Tsundere","My Love Feels All Wrong. Digipak","Goreshit",2015-04-27,98090,37,true,31rw5p3cxm3uqvvdgoyq5ykue5aa,2024-01-07T00:46:30Z,"breakcore,speedcore,jungle,hyperpop,gabber","Kitty on Fire Records",0.17,0.998,7,-0.896,1,0.241,0.0000257,0.994,0.328,0.0377,123.555,4
spotify:track:32Z8B8jXWGk7bbaL7LpfXR,"Poem Panic!","Doki Doki Literature Club! (Original Soundtrack)","Dan Salvato",2017-09-22,148309,55,false,31rw5p3cxm3uqvvdgoyq5ykue5aa,2024-01-10T00:49:12Z,"","Team Salvato",0.74,0.246,11,-15.909,0,0.0741,0.463,0.913,0.114,0.683,117.984,4
spotify:track:3xkA8ENdlyrjmMWMGXQwGN,"Circus Music","Drew's Famous Presents Carnival Games Party Music","The Hit Crew",2016-01-01,196173,44,false,31rw5p3cxm3uqvvdgoyq5ykue5aa,2024-01-10T04:10:59Z,"","Drew's Entertainment",0.876,0.536,5,-7.448,1,0.0495,0.924,0.796,0.112,0.899,117.575,3
spotify:track:4Q9iEso7B3roYSofc5aEFA,"Hawaiian Cocktail","Solo Instruments - Vol. 2","Richard Myhill",1992-01-21,64626,42,false,31rw5p3cxm3uqvvdgoyq5ykue5aa,2024-01-10T04:27:20Z,"","KPM Main Series",0.315,0.116,0,-12.174,1,0.0324,0.987,0.952,0.116,0.0742,81.329,3
spotify:track:1evR2LF9kCdzw213Kx8u8w,"Tricky Disco - Single Edit","Tricky Disco","Discotronic",2006-10-30,190863,61,false,31rw5p3cxm3uqvvdgoyq5ykue5aa,2024-01-10T10:44:14Z,"","Mental Madness Records",0.687,0.997,1,-6.427,1,0.0488,0.00146,0.87,0.0833,0.891,141.982,4
spotify:track:6DKY3Be7mWP65FodxRnNZ3,"さむくてあったかい、ふゆ〜雪の世界〜","ゆめにっき サウンドトラック　ゆめのおと 1","Kikiyama",2014-06-04,60426,63,false,31rw5p3cxm3uqvvdgoyq5ykue5aa,2024-01-10T00:52:18Z,"","Glaive Music",0.603,0.0703,0,-20.725,1,0.0472,0.983,0.432,0.138,0.651,140.503,3
spotify:track:4BNT04XPD3HK3MOCIlvbtP,"cats in the cold","cats in the cold","mage tears",2022-08-17,166435,68,false,31rw5p3cxm3uqvvdgoyq5ykue5aa,2024-01-07T14:38:36Z,"slowcore,indie lo-fi","Many Hats Distribution",0.283,0.0736,10,-24.165,1,0.0319,0.833,0.965,0.119,0.0707,134.24,3
spotify:track:0rGi690hn9sTHp4OYXlPrZ,"Tears","DEVILMAN crybaby (Original Soundtrack)","Kensuke Ushio",2018-01-10,109146,27,false,31rw5p3cxm3uqvvdgoyq5ykue5aa,2024-01-10T02:16:03Z,"anime","Aniplex Inc.",0.201,0.0301,0,-24.28,1,0.0369,0.996,0.899,0.0818,0.223,64.793,4
spotify:track:5S0yiOErSgkU4yRsz6amKN,"ƪ. ◖ƪ❍⊁◞.|◗щ (*ㅇ△₊⁎❝᷀ົཽ*ೃ:(꒡͡ ❝᷀ົཽ ꉺ¨.·*:･✧⃛(ཽ๑",")✧⃛*","⣎⡇ꉺლ༽இ•̛)ྀ◞ ༎ຶ ༽ৣৢ؞ৢ؞ؖ ꉺლ",2017-11-01,190344,46,false,31rw5p3cxm3uqvvdgoyq5ykue5aa,2024-01-10T09:21:42Z,"IDM","*¸.·* ´¨・*・ .°。·´¨´ *´¨゜. ´¨゜. .· ・*. *¨°。. ・*。¸.·* ´.·*¨.· ・",0.692,0.392,3,-13.665,0,0.0568,0.217,0.728,0.139,0.463,116.003,4
spotify:track:54shhL9vif2iwUXg0lNpQX,"Spaces Inbetween.","Omori (Original Game Soundtrack) Pt.1","Omori",2020-12-25,58937,61,false,31rw5p3cxm3uqvvdgoyq5ykue5aa,2024-01-10T09:29:55Z,"","OMORI",0.307,0.0446,1,-29.76,1,0.0411,0.989,0.988,0.11,0.0749,78.674,4
spotify:track:5Y98R18mTx06sAuefOLZDr,"#7","Selected Ambient Works Volume II","Aphex Twin",1994-03-07,531426,47,false,31rw5p3cxm3uqvvdgoyq5ykue5aa,2024-01-10T02:58:32Z,"IDM,ambient,electrónica","Warp Records",0.161,0.0333,1,-28.188,0,0.0371,0.994,0.981,0.0928,0.0481,71.669,5
spotify:track:7MIAzEvS5Q7Gd8UKlNNla6,"Birthday Piano Theme (Out of Tune)","Cube Escape: Birthday","Victor Butzelaar",2017-03-31,96000,40,false,31rw5p3cxm3uqvvdgoyq5ykue5aa,2024-01-10T10:41:15Z,"","602207 Records DK",0.146,0.00479,10,-40.777,0,0.0506,0.99,0.742,0.125,0.21,193.908,4
spotify:track:4W5kilrn9FNjNCQPIBPscO,"Gwely Mernans","Drukqs","Aphex Twin",2001-10-22,308106,38,false,31rw5p3cxm3uqvvdgoyq5ykue5aa,2024-01-10T02:37:32Z,"IDM,ambient,electrónica","Warp Records",0.289,0.129,2,-28.837,1,0.362,0.892,0.938,0.0903,0.0418,159.272,3
spotify:track:78QaOQvmxQ2F8ZeMtLZCAL,"あしもとひかる さかのうえ","ゆめにっき サウンドトラック　ゆめのおと 2","Kikiyama",2014-09-03,62335,54,false,31rw5p3cxm3uqvvdgoyq5ykue5aa,2024-01-10T09:37:48Z,"","Glaive Music",0.537,0.098,1,-16.975,1,0.0464,0.971,0.946,0.107,0.182,98.24,3
spotify:track:1SZUZfpj7LXj0I30EYzqGn,"The Lobotomy","Saudade","Maebi",2023-03-31,67500,60,false,31rw5p3cxm3uqvvdgoyq5ykue5aa,2024-01-10T09:21:21Z,"","Maebi",0.35,0.387,0,-15.54,1,0.0315,0.961,0.946,0.454,0.114,62.074,4
spotify:track:1hJXpII24ReABFg8Ig6k7w,"Abbey","Lush","Mitski",2012-01-31,166706,71,false,31rw5p3cxm3uqvvdgoyq5ykue5aa,2024-01-09T04:28:33Z,"","Good Harbor",0.287,0.203,11,-9.117,1,0.0396,0.835,0,0.128,0.238,75.663,3
spotify:track:6D5KS6ZffU3L4tuolh7cT7,"I Will Eat You","My Carnival","SARCOMA HORROR",2023-08-11,150079,17,false,31rw5p3cxm3uqvvdgoyq5ykue5aa,2024-01-10T09:18:01Z,"","SARCOMA HORROR",0.724,0.771,10,-6.529,0,0.116,0.0487,0.89,0.097,0.463,179.997,4
spotify:track:7z00kT9zyOPInw1pUP8Xr8,"This Empty Life","The Stars are Dead Now","ColdWorld",2020-09-04,439973,0,false,31rw5p3cxm3uqvvdgoyq5ykue5aa,2024-01-09T05:09:57Z,"black metal","Eisenwald",0.17,0.816,7,-8.977,0,0.124,0.482,0.832,0.101,0.035,118.889,4
spotify:track:0DQRNvrUcyXOwDORwrLtZu,"Pneumonoultramicroscopicsilicovolcanoconiosis","Gore","Xavlegbmaofffassssitimiwoamndutroabcwapwaeiippohfffx",2016-07-31,205714,49,true,31rw5p3cxm3uqvvdgoyq5ykue5aa,2024-01-11T00:48:02Z,"grindcore,death metal,deathcore","589167 Records DK2",0.448,0.873,9,-1.949,1,0.0563,0.0000244,0.58,0.257,0.295,105.042,4
spotify:track:1ZLtE9tSJdaUiIJ9YoKHQe,"Decode","Decode","Paramore",2008-11-04,261959,78,false,31rw5p3cxm3uqvvdgoyq5ykue5aa,2024-01-10T10:20:36Z,"pop punk,emo","Atlantic Records",0.28,0.87,10,-4.219,0,0.0592,0.000686,0.00608,0.101,0.284,164.057,4
spotify:track:5x45XdMQ6rgqIUVadroUvS,"Yo No Nací para Amar","Recuerdos","Juan Gabriel",1980-01-11,266013,62,false,31rw5p3cxm3uqvvdgoyq5ykue5aa,2024-01-10T03:52:36Z,"mariachi,ranchera,bolero,música mexicana","Ariola",0.544,0.291,4,-14.586,0,0.0336,0.447,0.0031,0.415,0.344,91.487,4
spotify:track:1l0BBsLElenQWul8Fn8tT1,"I Don't Like My Mind","The Land Is Inhospitable and So Are We","Mitski",2023-09-15,145026,61,false,31rw5p3cxm3uqvvdgoyq5ykue5aa,2024-01-07T15:49:25Z,"","Dead Oceans",0.146,0.37,4,-10.569,1,0.0328,0.0789,0.0000191,0.172,0.281,148.538,3
spotify:track:28Ymf40EoJ6776juQZNPoY,"All They Wanted","Ferric Oxide (Demos 1997 - 2001)","Panchiko",2020-07-25,127875,69,false,31rw5p3cxm3uqvvdgoyq5ykue5aa,2024-01-10T00:56:09Z,"shoegaze","Panchiko",0.553,0.699,10,-7.73,1,0.0458,0.135,0,0.11,0.302,115.011,4
spotify:track:0dcu28YT8cXZH7JTIraszp,"Starting Over","LSD and the Search for God","LSD and the Search for God",2007-01-16,304240,67,false,31rw5p3cxm3uqvvdgoyq5ykue5aa,2024-01-17T23:44:15Z,"shoegaze,slowcore,dream pop","Mind Expansion",0.225,0.511,4,-9.316,1,0.0339,0.506,0.918,0.108,0.117,114.255,4
spotify:track:2MtxLaaXLdFVDWncGW5Av8,"Slvtcrvsher","Skitzofrenia Simulation","Sewerslvt",2021-06-06,153623,42,false,31rw5p3cxm3uqvvdgoyq5ykue5aa,2024-01-10T01:54:27Z,"breakcore,jungle,speedcore,hyperpop","SWRSLT",0.261,0.987,2,-2.379,1,0.171,0.0000499,0.0515,0.506,0.0543,100.632,3
spotify:track:4NVYT1kld5qgsIwhCTw9VO,"High Speed! Strawberry","My Love Feels All Wrong. Digipak","Goreshit",2015-04-27,302068,30,true,31rw5p3cxm3uqvvdgoyq5ykue5aa,2024-01-09T05:53:52Z,"breakcore,speedcore,jungle,hyperpop,gabber","Kitty on Fire Records",0.514,0.983,7,-1.47,1,0.182,0.00000295,0.815,0.382,0.414,113.504,4
spotify:track:5C85mGeek4UhNoTFliN29L,"It's A Fine Day","It's A Fine Day","Pixel Hood",2023-03-31,188000,31,false,31rw5p3cxm3uqvvdgoyq5ykue5aa,2024-01-10T18:49:26Z,"hyperpop","JUNNK",0.494,0.993,6,-3.207,0,0.0574,0.00166,0.844,0.108,0.56,180,4
spotify:track:6Sy9BUbgFse0n0LPA5lwy5,"Sandstorm","Before the Storm Special Edition","Darude",2001-01-01,225493,74,false,31rw5p3cxm3uqvvdgoyq5ykue5aa,2024-01-11T04:39:02Z,"eurodance","16 Inch Records",0.528,0.965,11,-7.984,0,0.0465,0.141,0.985,0.0797,0.587,136.065,4
spotify:track:51czegKF9UbmUZkp8etKj2,"Bass Slut - Original Mix","Bass Slut / It Went / Crazy Ass Bitch","S3RL",2011-02-15,329142,58,false,31rw5p3cxm3uqvvdgoyq5ykue5aa,2024-01-10T21:02:29Z,"happy hardcore,nightcore,hyperpop","Relentless Digital",0.511,0.987,1,-3.182,1,0.171,0.00453,0.00214,0.142,0.521,174.996,4
spotify:track:6pD8zEYJc0096VvUQAcEO0,"うずまき","…Because I’m Young Arrogant and Hate Everything You Stand For","Machine Girl",2017-09-22,232707,0,false,31rw5p3cxm3uqvvdgoyq5ykue5aa,2024-01-10T02:25:16Z,"breakcore,speedcore,hyperpop,jungle","Orange Milk",0.321,0.954,11,-5.083,0,0.357,0.0399,0.00539,0.307,0.132,185.927,5
spotify:track:3iVulUJJ3AEKAsoytaknoM,"2k21","2k21","whoiscylas",2023-05-27,107993,0,true,31rw5p3cxm3uqvvdgoyq5ykue5aa,2024-01-10T18:32:24Z,"","2023 whoiscylas",0.786,0.957,11,-8.901,0,0.208,0.302,0.026,0.286,0.321,145.003,4
spotify:track:3e5yC02JRArmZTsEfubzBY,"o_OMG!","o_OMG!","dj trippie flameboy",2022-05-19,143383,33,false,31rw5p3cxm3uqvvdgoyq5ykue5aa,2024-01-10T18:47:04Z,"","Trippie Flameboy",0.559,0.598,10,-9.392,0,0.0563,0.0194,0.67,0.364,0.0662,102.005,4
spotify:track:4m0LgA50wrx4Wei3LhzwVJ,"Nyan","My Love Feels All Wrong. Digipak","Goreshit",2015-04-27,243031,37,true,31rw5p3cxm3uqvvdgoyq5ykue5aa,2024-01-11T04:57:13Z,"breakcore,speedcore,jungle,hyperpop,gabber","Kitty on Fire Records",0.608,0.839,1,-8.213,1,0.0796,0.00149,0.64,0.368,0.329,128.534,4
spotify:track:4wGojHHu9hq04ts26OH1SQ,"unpledged alliance","unpledged alliance","crxw",2023-08-20,206715,0,false,31rw5p3cxm3uqvvdgoyq5ykue5aa,2024-01-14T05:37:48Z,"breakcore,speedcore,hyperpop","crxw",0.715,0.931,8,-4.462,1,0.0577,0.442,0.221,0.142,0.621,137.04,4
spotify:track:3esFtOXZDA5Iq2NHFYSqbc,"Blood Magic","U-Void Synthesizer","Machine Girl",2020-02-27,184587,0,true,31rw5p3cxm3uqvvdgoyq5ykue5aa,2024-01-10T01:46:03Z,"breakcore,speedcore,hyperpop,jungle","1818199 Records DK2",0.138,0.889,1,-5.669,1,0.0679,0.0000215,0.848,0.408,0.679,200.978,5
spotify:track:6CBb2R54e67RJewTDISLdu,"Pathetique","DEVILMAN crybaby (Original Soundtrack)","Kensuke Ushio",2018-01-10,187133,30,false,31rw5p3cxm3uqvvdgoyq5ykue5aa,2024-01-10T02:23:36Z,"anime","Aniplex Inc.",0.211,0.406,11,-16.343,0,0.0334,0.156,0.937,0.12,0.0543,139.545,4
spotify:track:4fQEbOabaTSC80INS7cD3Q,"#4","Selected Ambient Works Volume II","Aphex Twin",1994-03-07,279666,39,false,31rw5p3cxm3uqvvdgoyq5ykue5aa,2024-01-10T02:54:46Z,"IDM,ambient,electrónica","Warp Records",0.147,0.236,9,-16.504,1,0.0367,0.96,0.979,0.0918,0.0309,61.356,4
spotify:track:2Thbu5uRjQi5qR4C6d5tgI,"きえない きずあと","ゆめにっき サウンドトラック　ゆめのおと 2","Kikiyama",2014-09-03,62316,53,false,31rw5p3cxm3uqvvdgoyq5ykue5aa,2024-01-10T09:34:46Z,"","Glaive Music",0.421,0.384,8,-11.287,1,0.0432,0.821,0.881,0.11,0.037,143.196,4
spotify:track:4eu2DiEfy3HZPtEwvoBJgO,"空間攻撃からの脱出","Denki no iryoku","Rory in early 20s",2021-06-30,92830,41,false,31rw5p3cxm3uqvvdgoyq5ykue5aa,2024-01-10T09:35:10Z,"breakcore,speedcore,jungle,hyperpop","Loli in early 20s",0.346,0.66,2,-9.906,0,0.0452,0.906,0.965,0.296,0.261,108.085,4
spotify:track:2G7JX4tS5b3uZ1sSNeduHj,"Saudade","Saudade","Maebi",2023-03-31,114352,46,false,31rw5p3cxm3uqvvdgoyq5ykue5aa,2024-01-10T09:31:04Z,"","Maebi",0.114,0.778,8,-6.78,1,0.0473,0.00402,0.891,0.839,0.5,88.232,3
spotify:track:3hdtaD2bBeZXf7m27SVWwj,"FLESHLIP333SCIHRVO","ETINIZ KHONGTHAN","deadrazy",2022-10-31,99070,0,false,31rw5p3cxm3uqvvdgoyq5ykue5aa,2024-01-11T04:31:15Z,"witch house,breakcore,jersey club","RUMEDIA.IO",0.683,0.693,6,-4.67,0,0.497,0.12,0.0024,0.894,0.747,111.835,5
spotify:track:6sjn3QbR1hEjcuehGPObbM,"Metalheart","Metalheart","DROWNgod",2023-09-07,150571,39,false,31rw5p3cxm3uqvvdgoyq5ykue5aa,2024-01-11T05:06:07Z,"breakcore","DROWNgod",0.383,0.696,2,-8.556,1,0.0868,0.00488,0.00923,0.291,0.0663,123.166,5
spotify:track:53n8NkFXyiwQ8y5naIyNtq,"her","we had good times together don't forget that","Sewerslvt",2021-11-12,439200,42,false,31rw5p3cxm3uqvvdgoyq5ykue5aa,2024-01-11T05:24:28Z,"breakcore,jungle,speedcore,hyperpop","SWRSLT",0.0606,0.827,10,-5.301,1,0.0757,0.00753,0.746,0.314,0.246,198.897,5
spotify:track:2uTvkHhMvrwZZmEDWfxCmn,"anybody can find love (except you.)","unrequited love","hkmori",2022-10-27,131357,61,false,31rw5p3cxm3uqvvdgoyq5ykue5aa,2024-01-11T13:07:49Z,"breakcore,jungle,speedcore","hkmori",0.514,0.992,10,-1.019,0,0.198,0.947,0.413,0.122,0.401,95.841,4
spotify:track:3TOKWQ1Gkd4VIbmrJstcL5,"BLANK:^)_*000*FAIRY","BLANK:^)_*000*FAIRY","YOHEI_نقره خدا",2023-03-31,73467,30,true,31rw5p3cxm3uqvvdgoyq5ykue5aa,2024-01-14T00:45:59Z,"breakcore","UZIEL Records",0.436,0.88,5,-6.833,0,0.208,0.0265,0.867,0.351,0.0822,146.729,3
spotify:track:1K0Hwab0YNdXunF4wI73RS,"SCHIZOPHRENIA","SONG OF SAYA Original Soundtrack","神保 伸太郎",2004-02-27,211786,39,false,31rw5p3cxm3uqvvdgoyq5ykue5aa,2024-01-14T05:10:54Z,"","GEORIDE",0.067,0.472,7,-7.136,1,0.0751,0.0000295,0.948,0.113,0.383,77.87,4
spotify:track:1lLzqFIODfUGKUHMI14TLk,"All Angels Break Down (feat. Aiobahn +81)","[NEEDY STREAMER OVERLOAD] Soundtrack","NEEDY GIRL OVERDOSE,Aiobahn +81",2022-04-05,60631,46,false,31rw5p3cxm3uqvvdgoyq5ykue5aa,2024-03-21T00:26:24Z,"vocaloid","WSS playground(WHY SO SERIOUS?)",0.218,0.427,11,-12.697,1,0.0342,0.00227,0.000241,0.611,0.379,143.412,3
spotify:track:6R2kYSDdS0UwzhsG2eHt42,"Nataimasu","Nataimasu","Rory in early 20s",2020-07-27,106135,34,false,31rw5p3cxm3uqvvdgoyq5ykue5aa,2024-01-14T09:28:30Z,"breakcore,speedcore,jungle,hyperpop","Loli in early 20s",0.528,0.998,6,-4.384,1,0.0543,0.232,0.955,0.302,0.483,95.002,4
spotify:track:3iubkenxO8JUJNp7phyVlb,"My Meds Aren't Working","Dystopia","Dystopia",2008-04-19,241624,55,false,31rw5p3cxm3uqvvdgoyq5ykue5aa,2024-01-14T19:47:02Z,"sludge metal,grindcore,hardcore punk","Tankcrimes",0.288,0.792,10,-6.818,1,0.0486,0.000435,0.587,0.209,0.16,137.077,4
spotify:track:6oZYLz0vZy8HhqwioRYtTp,"Territorial Pissings","Nevermind (Remastered)","Nirvana",1991-09-26,142946,62,false,31rw5p3cxm3uqvvdgoyq5ykue5aa,2024-01-15T01:39:42Z,"grunge,rock","Geffen",0.285,0.979,2,-4.428,1,0.175,0.000144,0,0.334,0.108,182.7,4
spotify:track:37TLolUIRm02bXEzXe7xs3,"Sophie","Cry of Fear (Official Soundtrack)","Andreas Rönnberg",2012-03-10,161699,48,false,31rw5p3cxm3uqvvdgoyq5ykue5aa,2024-01-16T19:13:22Z,"","Andreas Rönnberg",0.492,0.135,3,-20.873,1,0.0354,0.986,0.909,0.194,0.224,127.282,4
spotify:track:5egdSGvfHX27oPFoYcUtIJ,"it fit when i was a kid","it fit when i was a kid","godspeed",2023-12-06,96966,0,false,31rw5p3cxm3uqvvdgoyq5ykue5aa,2024-01-16T21:03:44Z,"","© Crystal Castles, Godspeed",0.56,0.766,3,-10.781,0,0.043,0.675,0.00435,0.508,0.747,115.251,4
spotify:track:4lokwaruKSA4UVymx6JqXc,"Red Armor","EUROMANTIC001","Niki Istrefi",2017-11-03,280079,56,true,31rw5p3cxm3uqvvdgoyq5ykue5aa,2024-01-16T23:36:48Z,"hard techno,techno,acid techno,tekno","Euromantic",0.829,0.722,11,-11.766,0,0.256,0.0243,0.741,0.126,0.429,140.02,4
spotify:track:71WNyncoVryB9E9Uy9aKA9,"can we fall in love","can we fall in love","s.e. lane",2023-05-13,206000,51,false,31rw5p3cxm3uqvvdgoyq5ykue5aa,2024-01-16T23:41:54Z,"shoegaze","s.e. lane",0.521,0.497,5,-8.608,1,0.0325,0.00103,0.592,0.0928,0.04,120.01,4
spotify:track:3fEkeE0XSS4aUAuxZohaPV,"SR20DET","「DIGITAL TWIN」","Blksmiith",2022-01-14,278250,0,false,31rw5p3cxm3uqvvdgoyq5ykue5aa,2024-01-17T01:31:08Z,"breakcore,jungle,breakbeat,drum and bass,speedcore","「DIGITAL TWIN」",0.275,0.888,4,-7.229,1,0.0399,0.0003,0.953,0.256,0.0391,112.534,5
spotify:track:1xA98PfhQN4neKCP7H8UtN,"blissful overdose","suffering from melancholia","Sewerslvt",2021-10-23,251349,29,false,31rw5p3cxm3uqvvdgoyq5ykue5aa,2024-01-18T00:02:52Z,"breakcore,jungle,speedcore,hyperpop","SWRSLT",0.16,0.996,1,-0.574,1,0.442,0.0000775,0.317,0.591,0.037,150.035,4
spotify:track:1RoJwK5sJMzygW5OSO8v9X,"Untitled #9 - Smáskífa 1","Untitled #1 (Vaka)","Sigur Rós",2003-05-12,278040,49,false,31rw5p3cxm3uqvvdgoyq5ykue5aa,2024-01-18T00:11:30Z,"post-rock,dream pop","Krunk",0.0642,0.158,3,-16.851,1,0.0324,0.892,0.872,0.0929,0.0298,54.961,4
spotify:track:0GMvyViWlTgbjI2FFiHs1L,"Vancouver 2","Five Easy Hot Dogs","Mac DeMarco",2023-01-20,122573,41,false,31rw5p3cxm3uqvvdgoyq5ykue5aa,2024-01-18T03:57:48Z,"indie,indie lo-fi","Mac DeMarco, LLC",0.727,0.432,6,-15.76,1,0.105,0.419,0.826,0.11,0.954,173.298,3
spotify:track:6LgJvl0Xdtc73RJ1mmpotq,"Paranoid Android","OK Computer","Radiohead",1997-05-28,387213,75,false,31rw5p3cxm3uqvvdgoyq5ykue5aa,2024-01-19T06:30:03Z,"art rock,rock alternativo","XL Recordings",0.251,0.848,5,-6.501,1,0.0579,0.0377,0.00591,0.0545,0.207,163.709,4
spotify:track:7Ac3mWhyAqxR0kn1EvhZZi,"Selfdestroyer","Polyneuroparty Pt. 2","Yakui The Maid",2021-08-01,322857,21,false,31rw5p3cxm3uqvvdgoyq5ykue5aa,2024-01-20T11:11:02Z,"breakcore","SAVAGE$TATION",0.184,0.908,1,-6.73,1,0.349,0.0159,0.862,0.848,0.166,168.006,4
spotify:track:56XoFI6v7kbGNdM8ALYWof,"Lonesome Town - 1990 Digital Remaster","The Legendary Masters Series (Volume 1)","Ricky Nelson",1990-01-01,135840,52,false,31rw5p3cxm3uqvvdgoyq5ykue5aa,2024-01-20T20:45:00Z,"rockabilly,doo wop","EMI/EMI Records (USA)",0.508,0.0965,11,-18.283,1,0.031,0.856,0.012,0.102,0.296,77.907,4
spotify:track:6bacOgx8R6MweQvYk8khy4,"dissociating","we had good times together don't forget that","Sewerslvt",2021-11-12,342545,42,false,31rw5p3cxm3uqvvdgoyq5ykue5aa,2024-01-25T05:40:25Z,"breakcore,jungle,speedcore,hyperpop","SWRSLT",0.0677,0.88,5,-3.784,0,0.096,0.00117,0.801,0.913,0.244,73.311,4
spotify:track:5Rizj5FLb2AyNKu9esjYY6,"Rape Me","In Utero (Deluxe Edition)","Nirvana",1993-09-21,170000,74,false,31rw5p3cxm3uqvvdgoyq5ykue5aa,2024-02-09T10:13:46Z,"grunge,rock","Geffen",0.42,0.746,8,-10.628,1,0.0467,0.0141,0,0.0661,0.229,111.886,4
spotify:track:31gr95BMhvVYdrQr3xD6yf,"Kill Yourself","Cry of Fear (Official Soundtrack)","Andreas Rönnberg",2012-03-10,108330,38,false,31rw5p3cxm3uqvvdgoyq5ykue5aa,2025-01-10T04:35:14Z,"","Andreas Rönnberg",0.278,0.722,4,-9.642,0,0.172,0.000881,0.948,0.767,0.383,126.676,4
spotify:track:6nUQ5vz8zqeawq3g2dqXKw,"my anime groove","my anime groove","Porlex",2020-07-21,200090,10,false,31rw5p3cxm3uqvvdgoyq5ykue5aa,2024-03-14T07:20:19Z,"","Porlex",0.687,0.569,1,-11.822,1,0.0546,0.0118,0.0000221,0.264,0.813,124.094,4
spotify:track:0BTFTfPEvadvkmb67NJbjv,"Angel Breaking (feat. Aiobahn +81)","[NEEDY STREAMER OVERLOAD] Soundtrack","NEEDY GIRL OVERDOSE,Aiobahn +81",2022-04-05,85621,57,false,31rw5p3cxm3uqvvdgoyq5ykue5aa,2024-03-20T09:20:07Z,"vocaloid","WSS playground(WHY SO SERIOUS?)",0.687,0.799,0,-2.539,1,0.0801,0.0643,0.0754,0.0646,0.889,92.508,4
spotify:track:79YWz8oV1RZxdi2UVpbrB7,"My September","Another Secret","NASTYONA",2008-09-04,280760,60,false,31rw5p3cxm3uqvvdgoyq5ykue5aa,2025-01-05T13:12:47Z,"shibuya-kei,visual kei","Soul Part",0.537,0.485,9,-6.567,0,0.0285,0.287,0.000877,0.128,0.209,123.839,3
spotify:track:48ZW4lPo6XhzELTyTngf6C,"Kill Me Plz","No Pain","Yikii",2017-02-26,195428,5,false,31rw5p3cxm3uqvvdgoyq5ykue5aa,2025-01-22T18:34:58Z,"drone metal,indie chino,experimental","Yikii",0.368,0.406,9,-14.584,0,0.0548,0.767,0.717,0.161,0.296,139.499,4
spotify:track:20I4O8S8U1XFM7F0fnH5aQ,"Winkles Twinkle","Tomboyish Love for Soda Pop and Apple Sweets (Digipak)","Goreshit",2015-06-29,92565,53,true,31rw5p3cxm3uqvvdgoyq5ykue5aa,2025-01-10T03:36:47Z,"breakcore,speedcore,jungle,hyperpop,gabber","Kitty on Fire Records",0.536,0.999,1,-2.101,1,0.081,0.136,0.94,0.249,0.896,166.081,4
spotify:track:3S2PPoffy1bAyBC2gO1Gva,"BOKU NO BITCHES","THINGS WE FOUND ON THE DARK WEB","QIREXX",2023-05-22,130408,23,false,31rw5p3cxm3uqvvdgoyq5ykue5aa,2025-01-10T05:44:50Z,"speedcore,breakcore,gabber","5159598 Records DK",0.424,0.991,1,-2.163,0,0.207,0.0000492,0.828,0.346,0.0937,149.931,4
spotify:track:4wmIX7t9IVHHiGZqEzEcoY,"✿‧̥°̩̥˚̩̩̥͙°̩̥‧̥·̊‧̥°̩̥‧̥·̊✿°̩̥‧̥‧̥ ‧̥˚̩̩̥͙·‧̥·̊‧̥✿‧̥°̩̥˚̩̩̥͙°̩̥‧̥·̊˚̩̩̥͙°̩̥‧̥✿·̊·̊‧̥··̊‧̥°̩̥✿˚̩̩̥͙·","✿‧̥°̩̥˚̩̩̥͙°̩̥‧̥·̊‧̥°̩̥‧̥·̊✿°̩̥‧̥‧̥ ‧̥˚̩̩̥͙·‧̥·̊‧̥✿‧̥°̩̥˚̩̩̥͙°̩̥‧̥·̊˚̩̩̥͙°̩̥‧̥✿·̊·̊‧̥··̊‧̥°̩̥✿˚̩̩̥͙·","snafu,weirdo girl",2023-06-05,176030,47,false,31rw5p3cxm3uqvvdgoyq5ykue5aa,2025-01-10T03:47:07Z,"breakcore,jungle","ⴴ Ϫ ⴴ",0.497,0.319,1,-15.066,1,0.0735,0.927,0.916,0.103,0.13,111.927,3
spotify:track:1WoQbBD5pP56A4pWoSo15J,"Dawn of f@ilur3","Dawn of f@ilur3","$i#dzy",2023-08-30,158121,57,false,31rw5p3cxm3uqvvdgoyq5ykue5aa,2025-01-10T03:54:30Z,"breakcore,speedcore","broke",0.472,0.815,8,-10.366,1,0.0461,0.00307,0.893,0.156,0.557,169.97,4
spotify:track:7qHv2Q41uBorzTguYfbUOw,"無能","無能","Österreich",2015-03-04,220200,54,false,31rw5p3cxm3uqvvdgoyq5ykue5aa,2025-01-10T03:56:07Z,"rock matemático,anime,j-rock,indie japonés","Marvelous Inc.",0.488,0.865,7,-5.099,1,0.0355,0.183,0.0000033,0.396,0.728,168.036,3
spotify:track:4KqsLRDsHTHCMhH5ktgc6K,"聖者たち","聖者たち","People In The Box",2014-08-06,235306,53,false,31rw5p3cxm3uqvvdgoyq5ykue5aa,2025-01-10T03:56:20Z,"j-rock,anime,rock matemático,indie japonés","日本クラウン株式会社",0.539,0.762,9,-6.525,0,0.0288,0.000867,0.455,0.133,0.682,100.022,4
spotify:track:0lvirp6LgHwkRo7XvrNkxt,"同じ夜","THANK YOU BLUE","Daoko",2017-12-20,340245,29,false,31rw5p3cxm3uqvvdgoyq5ykue5aa,2025-01-10T03:56:25Z,"j-pop,anime,j-rock","TOY'S FACTORY",0.63,0.538,6,-9.556,0,0.0324,0.242,0.112,0.119,0.0738,92.977,4
spotify:track:3ZuGGlqb2LqQSS6o1D36Ts,"FLOWER GIRL","ロンググッドバイ","Kinokoteikoku",2013-12-04,429880,36,false,31rw5p3cxm3uqvvdgoyq5ykue5aa,2025-01-10T03:56:30Z,"indie japonés,shoegaze,j-rock,rock matemático,dream pop","DAIZAWA RECORDS",0.15,0.506,4,-4.985,0,0.0365,0.693,0.506,0.226,0.329,172.012,4
spotify:track:6Ts2TyVBF6Osom4IV88JNr,"Pocky Boy","Serotonin II","yeule",2019-10-25,241388,48,false,31rw5p3cxm3uqvvdgoyq5ykue5aa,2025-01-10T03:56:33Z,"art pop","Bayonet Records",0.435,0.669,1,-10.202,0,0.123,0.737,0.00152,0.106,0.0734,130.009,4
spotify:track:3WMR3KMmaFKSTg14meRzPM,"屍を越えてゆけ","BODY","AAAMYYY",2019-02-06,291533,42,false,31rw5p3cxm3uqvvdgoyq5ykue5aa,2025-01-10T03:56:52Z,"indie japonés,r&b japonés","SPACE SHOWER MUSIC",0.538,0.817,6,-4.889,1,0.054,0.132,0.385,0.0536,0.372,87.026,4
spotify:track:6De0lHrwBfPfrhorm9q1Xl,"Me Rehúso","Me Rehúso","Danny Ocean",2016-09-16,205714,77,false,31rw5p3cxm3uqvvdgoyq5ykue5aa,2025-01-10T03:57:22Z,"reggaeton","Atlantic Records",0.744,0.804,1,-6.327,1,0.0677,0.0231,0,0.0494,0.426,104.823,4
spotify:track:6DxS2ZRl8G3EagHkovYXA2,"Zun Da Da","The Perfect Melody","Zion",2007-06-05,304091,76,false,31rw5p3cxm3uqvvdgoyq5ykue5aa,2025-01-10T03:57:55Z,"reggaeton","Baby Records",0.782,0.767,9,-7.981,0,0.0871,0.266,0.0000364,0.0947,0.622,88.005,4
spotify:track:6gabKCONBTCv2n84TzKqU7,"PIRI the dog","Life is a Bi…","BIBI",2021-04-28,140826,42,false,31rw5p3cxm3uqvvdgoyq5ykue5aa,2025-01-10T03:58:10Z,"k-pop,k-rap","FeelGhoodMusic",0.872,0.466,11,-7.113,1,0.0637,0.276,0.000027,0.126,0.348,138.039,4
spotify:track:48oX55j4gqDw0G80KxzpaQ,"Venus As A Boy","Debut","Björk",1993-07-05,282560,61,false,31rw5p3cxm3uqvvdgoyq5ykue5aa,2025-01-10T03:58:27Z,"art pop,trip hop","One Little Independent Records",0.622,0.402,1,-11.751,1,0.034,0.0307,0.00372,0.0697,0.826,136.261,4
spotify:track:1tZcw7GtIqviL32bzaKdSo,"(Nice Dream)","The Bends","Radiohead",1995-03-13,233226,69,false,31rw5p3cxm3uqvvdgoyq5ykue5aa,2025-01-10T03:58:33Z,"art rock,rock alternativo","XL Recordings",0.263,0.566,9,-11.075,1,0.0344,0.163,0.261,0.225,0.375,172.851,3
spotify:track:1coelOcie8BJZXcCOFkFYH,"Ib Memory","Aoryn Cover Collection Vol. 7","MyReminiscence",2021-09-24,151004,0,false,31rw5p3cxm3uqvvdgoyq5ykue5aa,2025-01-22T06:59:31Z,"anime","635128 Records DK",0.678,0.303,9,-17.541,0,0.0359,0.956,0.853,0.108,0.224,110.543,3
spotify:track:5Fw4nhdXk4THgyfetrwpDf,"Adagio in G Minor (Attrib. Albinoni) [Arr. for Chamber Orchestra]","Great Baroque Favorites","Remo Giazotto,Jean-Claude Malgoire,La Grande Écurie et la Chambre du Roy",1975,503200,30,false,31rw5p3cxm3uqvvdgoyq5ykue5aa,2025-01-10T03:58:37Z,"música clásica,ópera","Sony Classical",0.09,0.117,0,-19.816,0,0.045,0.734,0.877,0.101,0.0376,82.297,4
spotify:track:5Zf25eS8E1znm9mez4cGsm,"Reflections","ひとつぶの海","Toshifumi Hinata",1986-11-28,130693,69,false,31rw5p3cxm3uqvvdgoyq5ykue5aa,2025-01-22T06:59:57Z,"clásica japonesa","Sony Music Direct (Japan) Inc.",0.224,0.146,9,-16.331,0,0.0338,0.961,0.712,0.113,0.142,94.255,3
spotify:track:15qBxGjAD4kWONlicpYpuR,"Puella in somnio","「魔法少女まどか☆マギカ」 Music Collection","梶浦 由記",2013-12-25,117733,37,false,31rw5p3cxm3uqvvdgoyq5ykue5aa,2025-01-22T06:22:40Z,"anime,banda sonora","Aniplex Inc.",0.271,0.273,4,-17.884,0,0.0339,0.903,0.347,0.124,0.187,139.948,3
spotify:track:5FyI0T3hXSodNf7v7muX1e,"LEASE","LEASE","makruzyy",2020-02-04,106434,49,true,31rw5p3cxm3uqvvdgoyq5ykue5aa,2025-01-10T04:04:32Z,"","Revised Studio",0.731,0.708,2,-10.649,1,0.0267,0.505,0.896,0.0742,0.768,115.048,4
spotify:track:6klWFpyP5bTi76c4Cyw6n8,"Liquid Smooth - Lumatone Version","Liquid Smooth (Lumatone Version)","Deister Orchestra",2024-05-15,199071,62,false,31rw5p3cxm3uqvvdgoyq5ykue5aa,2025-01-10T04:09:36Z,"","RECORDS",0.375,0.345,7,-8.215,0,0.0362,0.99,0.835,0.103,0.0686,140.053,4
spotify:track:4OYPEwtxb6N7JdLoUhwwX7,"ゆめのはじまり","ゆめにっき サウンドトラック　ゆめのおと 1","Kikiyama",2014-06-04,60640,50,false,31rw5p3cxm3uqvvdgoyq5ykue5aa,2025-01-10T04:10:13Z,"","Glaive Music",0.461,0.022,5,-26.842,1,0.136,0.996,0.994,0.0636,0.906,122.49,3
spotify:track:2urcvyOsIyF7kTerczbeDX,"fish","fish","d2s1",2024-05-07,88461,53,false,31rw5p3cxm3uqvvdgoyq5ykue5aa,2025-01-10T04:11:31Z,"","The System",0.437,0.17,3,-17.136,1,0.0331,0.986,0.877,0.143,0.0508,133.233,4
spotify:track:3rHopZUgDMH6t2Rpwqgzsj,"Anxiety","Cry of Fear (Official Soundtrack)","Andreas Rönnberg",2012-03-10,125571,45,false,31rw5p3cxm3uqvvdgoyq5ykue5aa,2025-01-10T04:29:51Z,"","Andreas Rönnberg",0.537,0.166,0,-19.413,1,0.0427,0.928,0.879,0.12,0.0392,130.095,5
spotify:track:4S40MDl8IuzSHsmsctWaKI,"Sis puella magica!","「魔法少女まどか☆マギカ」 Ultimate Best","梶浦 由記",2017-08-09,169493,48,false,31rw5p3cxm3uqvvdgoyq5ykue5aa,2025-01-22T06:19:40Z,"anime,banda sonora","Aniplex Inc.",0.434,0.403,7,-12.408,0,0.0335,0.608,0.00000567,0.0869,0.384,148.033,3
spotify:track:5MxrYaRcPvlnyV0tno9J97,"✿☁⃠⚛❀","⠊ ⠓⠁⠞⠑ ⠇⠕⠎⠞ ⠍⠽ ⠺⠊⠇⠇ ⠞⠕ ⠇⠊⠧⠑","gneeeeeeezlℴℴℴℴℴℴℴℴ0000̴̨̛̛̮̰̳̲͕̈́̓̑̃̋͋̉͌̆͐̀̚ͅ",2023-02-20,42985,25,false,31rw5p3cxm3uqvvdgoyq5ykue5aa,2025-01-10T04:37:11Z,"breakcore","EAR-ROTIC-BOYS",0.354,0.00722,1,-26.072,1,0.0383,0.979,0.796,0.12,0,134.018,3
spotify:track:20z9LowbUSLOowBWW6b4es,"Magia[quattro]","ひかりふる","Kalafina",2012-10-24,316853,27,false,31rw5p3cxm3uqvvdgoyq5ykue5aa,2025-01-22T06:27:14Z,"anime,j-pop,j-rock","Sony Music Labels Inc.",0.434,0.817,0,-5.109,0,0.046,0.0000636,0.0111,0.127,0.382,124.978,4
spotify:track:36LLTBxQfXMt0ifHe0m3Di,"SCREAM","SONG OF SAYA Original Soundtrack","神保 伸太郎",2004-02-27,169026,28,false,31rw5p3cxm3uqvvdgoyq5ykue5aa,2025-01-10T04:40:26Z,"","GEORIDE",0.11,0.98,10,-4.415,0,0.211,0.00128,0.0148,0.335,0.0337,78.961,4
spotify:track:3xR3PCLVKItTj3xs77jiqn,"‎‎‎‎‎‎‎‎‎‎‎‎","‎‎‎‎‎‎","Iwakura",2022-12-12,199615,50,false,31rw5p3cxm3uqvvdgoyq5ykue5aa,2025-01-10T04:46:37Z,"breakcore,jungle","Hypercube Records",0.179,0.0855,2,-26.138,1,0.0473,0.895,0.892,0.109,0.14,141.739,1
spotify:track:0EY4wKoHdZFlvlrqoxpyK2,"sick twisted demented","we had good times together don't forget that","Sewerslvt",2021-11-12,282352,44,false,31rw5p3cxm3uqvvdgoyq5ykue5aa,2025-01-10T04:50:01Z,"breakcore,jungle,speedcore,hyperpop","SWRSLT",0.266,0.995,0,-3.651,1,0.202,0.00000404,0.827,0.318,0.0669,169.984,4
spotify:track:7Hu3FBFZBKP0SBQOaXZSeW,"the saddest people cum the hardest","the saddest people cum the hardest","Acidgvrl",2023-07-16,137063,38,true,31rw5p3cxm3uqvvdgoyq5ykue5aa,2025-01-10T04:55:07Z,"breakcore,jungle,speedcore","Acidgvrl",0.427,0.535,11,-16.445,1,0.034,0.722,0.981,0.18,0.7,174.784,4
spotify:track:5B1INUXoXNk6tLkpehVNYN,"Serial Experiments Lain alternative op","Tomboyish Love for Soda Pop and Apple Sweets (Digipak)","Goreshit",2015-06-29,101134,27,true,31rw5p3cxm3uqvvdgoyq5ykue5aa,2025-01-10T05:07:04Z,"breakcore,speedcore,jungle,hyperpop,gabber","Kitty on Fire Records",0.346,0.995,2,0.023,1,0.286,0.000319,0.647,0.886,0.0567,135.925,4
spotify:track:7jCqmlOzV4iEHjAPecO9i6,"guoba113一直啊付啊Escape Containment","guoba113一直啊付啊Escape Containment","Pisca",2023-04-14,96544,37,false,31rw5p3cxm3uqvvdgoyq5ykue5aa,2025-01-10T05:20:16Z,"breakcore,speedcore,jungle","Pisca",0.503,0.998,11,-4.693,1,0.702,0.0518,0.694,0.216,0.337,169.964,4
spotify:track:0Fhyc3iDgYRQEDGPs0IFnY,"Well That's Annoying.","Memestreet","Goreshit",2017-12-07,49000,14,true,31rw5p3cxm3uqvvdgoyq5ykue5aa,2025-01-10T05:26:39Z,"breakcore,speedcore,jungle,hyperpop,gabber","Kitty on Fire Records",0.45,0.981,10,3.292,1,0.0539,0.0000189,0.935,0.409,0.231,120.122,4
spotify:track:245zDVTACOwflpGOdPPUYj,"U u uwa uwa","Rave Til U Die!!!","psiangel",2023-06-02,202333,34,false,31rw5p3cxm3uqvvdgoyq5ykue5aa,2025-01-10T05:30:37Z,"breakcore,speedcore,gabber,jungle","psiangel / evil windows",0.549,0.999,9,0.955,1,0.222,0.0707,0.899,0.352,0.543,180.026,4
spotify:track:35xa0GrnJ0fuzOTM5mbuE7,"Breakcore Hawaiian","Suicidegirls.jp","Coakira",2016-06-15,137787,23,false,31rw5p3cxm3uqvvdgoyq5ykue5aa,2025-01-10T05:32:00Z,"speedcore,breakcore,gabber,hardcore techno","Fujimi Industry Records",0.756,0.991,7,-1.26,1,0.102,0.000364,0.708,0.318,0.657,119.979,4
spotify:track:7iUpvfoRalyvDStLMHeR7v,"I WANT POWER TO CUT ME IN HALF","THINGS WE FOUND ON THE DARK WEB","slippymudman",2023-02-17,92598,27,false,31rw5p3cxm3uqvvdgoyq5ykue5aa,2025-01-10T05:36:28Z,"speedcore,breakcore","Unlucky Wind",0.546,0.999,1,2.887,0,0.328,0.00515,0.144,0.413,0.039,127.072,4
spotify:track:2F6FfZ4w8z3eJpSxPotVO5,"Falling Away from Me","Issues","Korn",1999-11-09,270920,77,true,31rw5p3cxm3uqvvdgoyq5ykue5aa,2025-01-14T23:34:52Z,"nu metal,metal,rap metal,metal alternativo","Epic/Immortal",0.468,0.769,4,-7.036,1,0.041,0.00014,0.00124,0.271,0.17,104.102,4
spotify:track:5PQwmOZwMhhV8q8QMpCRAZ,"Fool","Twilight","bôa",2001-03-21,307200,60,false,31rw5p3cxm3uqvvdgoyq5ykue5aa,2025-01-16T04:04:52Z,"","Nettwerk Music Group",0.533,0.68,11,-6.899,0,0.0286,0.0159,0.00000688,0.135,0.114,132.145,4
spotify:track:2TzUa1GBOXI5FoTDLatziW,"whereami","shqiptaraunh0ly","saraunh0ly",2024-10-09,84846,27,false,31rw5p3cxm3uqvvdgoyq5ykue5aa,2025-01-16T04:57:39Z,"","uDM",0.268,0.619,9,-10.784,1,0.0697,0.957,0.819,0.248,0.287,110.347,4
spotify:track:6BL4HEFJbB1SCaBS04udgH,"Curse I","iruka no yumede sayonara...2","iruka no yumede sayonara",2017-08-11,61000,21,false,31rw5p3cxm3uqvvdgoyq5ykue5aa,2025-01-16T18:01:04Z,"breakcore,speedcore","iruka no yumede sayonara",0.149,0.635,10,-7.095,0,0.0603,0.277,0.992,0.222,0.0271,58.536,4
spotify:track:6kHyafuZT9bxwfr4gqD2e8,"Sayo-Nara","Doki Doki Literature Club! (Original Soundtrack)","Dan Salvato",2017-09-22,157199,55,false,31rw5p3cxm3uqvvdgoyq5ykue5aa,2025-01-16T18:04:07Z,"","Team Salvato",0.549,0.0673,0,-20.86,1,0.0341,0.984,0.907,0.067,0.773,124.035,4
spotify:track:5S8jc9sCle880PjbwnEzsY,"Aoi Koi Daidaiiro No Hi","World Is Yours","MASS OF THE FERMENTING DREGS",2009-01-21,282173,70,false,31rw5p3cxm3uqvvdgoyq5ykue5aa,2025-01-20T06:34:53Z,"j-rock,indie japonés,shoegaze,rock matemático,shibuya-kei","UNIVERSAL MUSIC ARTISTS LLC",0.45,0.932,2,-2.769,0,0.0642,0.000718,0.0441,0.115,0.279,149.039,4
spotify:track:0poZQjPNHvTawCZq9BmpIl,"Smd remix","Smd remix","Kitty Gore",2024-04-23,96120,25,false,31rw5p3cxm3uqvvdgoyq5ykue5aa,2025-01-20T06:44:06Z,"breakcore,speedcore,gabber","3959262 Records DK",0.523,0.973,11,-3.076,0,0.0532,0.0304,0.851,0.181,0.204,180.299,4
spotify:track:2NozCN7YYT6n8uWXKgMUM5,"De Kieru","Setari No Miu","Rory in early 20s",2020-12-26,84620,56,false,31rw5p3cxm3uqvvdgoyq5ykue5aa,2025-01-20T07:39:01Z,"breakcore,speedcore,jungle,hyperpop","Loli in early 20s",0.352,0.978,4,-3.685,0,0.154,0.000303,0.628,0.188,0.429,183.937,4
spotify:track:3ofKGe3tyjISVukIYOMQqP,"魔理沙は大変なものを盗んでいきました","東方乙女囃子","IOSYS",2006-08-13,241998,53,false,31rw5p3cxm3uqvvdgoyq5ykue5aa,2025-01-20T07:45:47Z,"vocaloid","東方同人音楽流通",0.501,0.993,7,-3.05,1,0.162,0.00408,0.00825,0.0819,0.0748,169.981,4
spotify:track:6spnEGQ3yRd4JB919VE8S9,"True love 2","Rave Til U Die!!!","psiangel",2023-06-02,114227,15,false,31rw5p3cxm3uqvvdgoyq5ykue5aa,2025-01-20T08:00:36Z,"breakcore,speedcore,gabber,jungle","psiangel / evil windows",0.537,0.991,10,-0.217,0,0.0597,0.00574,0.0806,0.414,0.657,97.498,4
spotify:track:2dop6pInc8i3hS297qrsH2,"Bonus 2 Miku Trash Track","Gunslinger amen","rehirable",2021-07-16,235789,18,true,31rw5p3cxm3uqvvdgoyq5ykue5aa,2025-01-20T08:05:54Z,"breakcore,speedcore","3054577 Records DK",0.429,0.883,7,-1.575,1,0.34,0.00545,0.00466,0.156,0.45,190.177,4
spotify:track:5lWqoYeQzwYf26v2pGkqp1,"derealization","derealization","Bloody Mercury",2024-01-12,182638,26,false,31rw5p3cxm3uqvvdgoyq5ykue5aa,2025-01-20T08:09:43Z,"breakcore,speedcore","Bloody Mercury",0.333,0.826,4,-6.081,0,0.338,0.0983,0.969,0.263,0.187,119.095,4
spotify:track:3jExzSSybR3VnZi1lF50uE,"agonizing seduction","agonizing seduction","Bloody Mercury",2023-11-17,202741,16,false,31rw5p3cxm3uqvvdgoyq5ykue5aa,2025-01-20T08:13:15Z,"breakcore,speedcore","Bloody Mercury",0.496,0.911,1,-8.044,1,0.129,0.00159,0.843,0.292,0.0642,96.88,4
spotify:track:1Xc4MdSfab8WjE2kjuEaNQ,"ROOM TO ROOM BLUDGEON","ROOM TO ROOM BLUDGEON","Delancey Throne",2023-09-12,149274,16,false,31rw5p3cxm3uqvvdgoyq5ykue5aa,2025-01-20T08:22:04Z,"breakcore,witch house","Delancey Throne",0.755,0.984,10,-0.179,0,0.0753,0.00107,0.852,0.208,0.464,120,4
spotify:track:6RWb4jmDSIjCHkWMCKSyXz,"Low pop baby","OK SUGAR ISSUE","SEAPOOL",2019-08-07,476463,36,false,31rw5p3cxm3uqvvdgoyq5ykue5aa,2025-01-22T04:11:45Z,"shoegaze,indie japonés,j-rock,shibuya-kei,rock matemático","FRIENDSHIP.",0.493,0.779,9,-4.677,0,0.0289,0.00232,0.0331,0.526,0.337,78.033,4
spotify:track:0Twz5jf8jIS8RJD3NtHxL4,"Kamisori (Industrial Mix)","Kamisori","Coakira",2023-01-27,284984,15,false,31rw5p3cxm3uqvvdgoyq5ykue5aa,2025-01-22T06:06:49Z,"speedcore,breakcore,gabber,hardcore techno","Fujimi Industry Records",0.546,1,4,0.804,0,0.185,0.134,0.914,0.212,0.0326,114.973,4
spotify:track:4Dpl9S91wKGZO1aAN4MFGS,"959BPM - Original Mix","The MIDI Anarchist","M1DY",2016-05-01,184546,20,false,31rw5p3cxm3uqvvdgoyq5ykue5aa,2025-01-22T06:08:35Z,"speedcore,breakcore,gabber,hardcore techno","MADDEST CHICK'NDOM",0.249,0.745,0,-2.439,1,0.183,0.0000262,0.851,0.645,0.0383,119.701,4
spotify:track:34q0h9Les2HFVMPLIQVHbI,"Magia","Magia","Kalafina",2011-02-16,312933,38,false,31rw5p3cxm3uqvvdgoyq5ykue5aa,2025-01-22T06:18:19Z,"anime,j-pop,j-rock","Sony Music Labels Inc.",0.454,0.816,0,-4.43,0,0.0519,0.000035,0.0138,0.104,0.379,125.003,4
spotify:track:69dDnfotBtbj2hVHWpeKhO,"Confessio","「魔法少女まどか☆マギカ」 Music Collection","梶浦 由記",2013-12-25,109400,31,false,31rw5p3cxm3uqvvdgoyq5ykue5aa,2025-01-22T06:25:35Z,"anime,banda sonora","Aniplex Inc.",0.513,0.005,9,-28.541,0,0.0404,0.995,0.926,0.0817,0.102,139.915,4
spotify:track:7pzGD0fepRx0gwZKUrHdBH,"she is a witch","「魔法少女まどか☆マギカ」 Ultimate Best","梶浦 由記",2017-08-09,101253,38,false,31rw5p3cxm3uqvvdgoyq5ykue5aa,2025-01-22T06:26:16Z,"anime,banda sonora","Aniplex Inc.",0.272,0.607,9,-10.341,0,0.0404,0.0341,0.0323,0.131,0.162,69.765,3
spotify:track:1maYnq1a9WoiNUPaTcs9uR,"Symposium magarum","「魔法少女まどか☆マギカ」 Music Collection","梶浦 由記",2013-12-25,105973,41,false,31rw5p3cxm3uqvvdgoyq5ykue5aa,2025-01-22T06:26:41Z,"anime,banda sonora","Aniplex Inc.",0.187,0.569,9,-9.866,0,0.0422,0.0207,0.849,0.122,0.163,136.013,3
spotify:track:4laMKU1xcpbFdsX3LnA1Xb,"E? Aa Sou.","Exit Tunes Academy Best 3","Chouchou-P",2015-08-01,207108,37,false,31rw5p3cxm3uqvvdgoyq5ykue5aa,2025-01-22T06:57:37Z,"vocaloid","EXIT TUNES",0.491,0.961,10,-1.867,1,0.0515,0.0977,0,0.111,0.888,191.927,4
spotify:track:0O6Ep6Q8SmJudg9Ah8zjV1,"Falling Ashes","Disappear with Moonlight","Yikii",2020-04-07,87352,14,false,31rw5p3cxm3uqvvdgoyq5ykue5aa,2025-01-22T18:26:18Z,"drone metal,indie chino,experimental","Yikii",0.383,0.877,4,-9.166,0,0.448,0.704,0.000064,0.261,0.0977,135.653,4
spotify:track:2xTWW2kPICj33auElxKGaP,"Mermaid Princess","No Pain","Yikii",2017-02-26,170750,5,false,31rw5p3cxm3uqvvdgoyq5ykue5aa,2025-01-22T18:32:55Z,"drone metal,indie chino,experimental","Yikii",0.646,0.215,8,-17.939,0,0.0352,0.982,0.922,0.221,0.0857,116.023,4
spotify:track:3yYWXW8vfWifqKIdXo0zOu,"Puppet House","Tainted Seeds (Original Soundtrack)","Yikii",2024-06-28,182424,2,false,31rw5p3cxm3uqvvdgoyq5ykue5aa,2025-01-22T19:46:29Z,"drone metal,indie chino,experimental","Yikii",0.676,0.636,6,-8.862,1,0.064,0.121,0.738,0.105,0.662,99.006,4
spotify:track:5Xrpic18fRX7b94bWjW2e1,"Khorona Nooo","Khorona Nooo","The Destroyer,Concetta",1995-01-01,134794,30,true,31rw5p3cxm3uqvvdgoyq5ykue5aa,2025-01-27T22:51:01Z,"speedcore,gabber,frenchcore,hardcore techno,hardcore,breakcore","D-Boy Records",0.551,0.667,10,-7.902,1,0.117,0.0367,0.0226,0.255,0.272,106.969,4
spotify:track:6lLE9NCzojRvLsapCD94SX,"Suck My 401k","Beating a Dead Horse: Deluxe Ultra-Limited Exclusive Undead Edition","Jarrod Alonge,Amidst the Grave's Demons",2015-12-04,218173,53,false,31rw5p3cxm3uqvvdgoyq5ykue5aa,2025-01-27T23:35:36Z,"pop punk,metalcore","Chodezilla Records",0.494,0.991,11,-2.445,0,0.14,0.00191,0.000399,0.384,0.303,140.003,4
spotify:track:53qTp6oiO9RMgLDypAulsE,"Vanilla","Vanilla","Kitty Gore",2023-07-06,115705,42,false,31rw5p3cxm3uqvvdgoyq5ykue5aa,2025-01-29T18:51:13Z,"breakcore,speedcore,gabber","3959262 Records DK",0.533,0.945,11,-6.208,0,0.239,0.159,0,0.425,0.737,182.118,4
spotify:track:3VXpDr2FVVftNCmuTvwWLo,"Pirupi","Dancefloor Muthafucka! Digipak","Goreshit",2020-12-09,222500,43,true,31rw5p3cxm3uqvvdgoyq5ykue5aa,2025-01-29T18:51:25Z,"breakcore,speedcore,jungle,hyperpop,gabber","Kitty on Fire Records",0.495,1,0,-1.827,1,0.0553,0.00358,0.732,0.0837,0.413,96.019,4
spotify:track:69v49zCxMC4eMwfRceZozJ,"lust","〜fragment〜 sweet pool original soundtrack","神保 伸太郎",2009-01-30,202266,22,false,31rw5p3cxm3uqvvdgoyq5ykue5aa,2025-01-29T18:53:23Z,"","GEORIDE",0.56,0.945,2,-4.504,1,0.0493,0.0235,0.94,0.346,0.636,124.057,4
spotify:track:6vDvc4xDF9zC6ZiQkFRBgz,"Freakin' Freak","Til the Wheels Fall Off","Dot Dot Curve",2009-03-01,235480,42,false,31rw5p3cxm3uqvvdgoyq5ykue5aa,2025-03-23T21:45:45Z,"crunk","Dot Dot Curve",0.769,0.92,6,-6.75,0,0.26,0.0107,0.0324,0.063,0.892,140.004,4
spotify:track:7rR1msZYCT2MlrssnJMYgw,"Pro: Lov: Ad","Velocity: Design: Comfort.","Sweet Trip",2003-06-10,346306,49,false,31rw5p3cxm3uqvvdgoyq5ykue5aa,2025-03-24T19:43:10Z,"shoegaze,dream pop,IDM","Darla Records",0.473,0.553,7,-9.956,0,0.123,0.629,0.122,0.0927,0.672,176.988,4
spotify:track:4WdUZVSaCUrW4hZlOgKX4k,"Mikazuki no Spotlight","NANA 707 soundtracks","Tomoki Hasegawa",2006-07-07,96826,47,false,31rw5p3cxm3uqvvdgoyq5ykue5aa,2025-03-24T19:49:43Z,"shibuya-kei","VAP",0.232,0.0897,2,-16.308,0,0.0329,0.102,0.885,0.124,0.0777,94.675,4
spotify:track:2PzWaneTKmWNmc9Mv9of03,"睡眠抄","タイムマシンが壊れる前に","溶けない名前",2021-08-04,457000,36,false,31rw5p3cxm3uqvvdgoyq5ykue5aa,2025-03-24T20:37:04Z,"shoegaze,indie japonés,j-rock,shibuya-kei,visual kei,dream pop,rock matemático","soda room records",0.182,0.713,3,-5.234,1,0.0429,0.0414,0.2,0.0619,0.367,172.041,4
spotify:track:1pxOkThPbzzWpYliunOBjw,"Yachin ga Hanbun!?","NANA 707 soundtracks","Tomoki Hasegawa",2006-07-07,94800,56,false,31rw5p3cxm3uqvvdgoyq5ykue5aa,2025-03-24T20:52:54Z,"shibuya-kei","VAP",0.717,0.619,2,-7.407,1,0.0295,0.214,0.599,0.146,0.615,127.001,4
spotify:track:08K4pdYolqfPqMJ642pLjj,"Ochame Kinou/Fukkireta (Jerk)","Ochame Kinou/Fukkireta (Jerk)","zandsu",2024-02-02,90550,61,false,31rw5p3cxm3uqvvdgoyq5ykue5aa,2025-03-24T21:01:12Z,"","Berserk Records",0.731,0.911,1,-3.284,1,0.0381,0.000043,0.795,0.0602,0.38,149.979,4
spotify:track:45dFVMC4gijvG7lw3yNnD8,"I Still Can't Sleep / The Cannot Touch Her (Betsy's Theme)","Taxi Driver","Bernard Herrmann,James P. Nichols",1976,274240,52,false,31rw5p3cxm3uqvvdgoyq5ykue5aa,2025-03-24T21:39:27Z,"","Arista",0.226,0.151,5,-19.977,1,0.0416,0.887,0.576,0.168,0.142,77.098,4
spotify:track:5njU3slXxJX8Fb4kRfFUxm,"Kyrie","DEATH NOTE Original Soundtrack","Yoshihisa Hirano",2006-12-21,83000,51,false,31rw5p3cxm3uqvvdgoyq5ykue5aa,2025-03-24T21:45:02Z,"anime,banda sonora","VAP",0.238,0.239,2,-11.987,1,0.0312,0.968,0.776,0.0832,0.0398,65.004,4
spotify:track:2V52z8vGuwZz1jcZnIGwIc,"Misa","DEATH NOTE Original Soundtrack Ⅲ","Hideki Taniuchi",2007-06-27,141000,32,false,31rw5p3cxm3uqvvdgoyq5ykue5aa,2025-03-24T22:10:18Z,"anime,banda sonora","VAP",0.385,0.503,3,-4.96,1,0.0353,0.347,0.952,0.359,0.106,117.909,4
spotify:track:4Z9VQ2Mnq142VMQKreMZjG,"Prom Queen","Tunnel of Love (XXX Rated Version)","Insane Clown Posse",1996-06-11,330600,69,true,31rw5p3cxm3uqvvdgoyq5ykue5aa,2025-03-24T23:06:51Z,"horrorcore,rap rock","Psychopathic",0.712,0.275,9,-15.443,1,0.127,0.0434,0.000117,0.403,0.615,145.962,4
spotify:track:4GxLRZFUtw1cNAQnF12XDH,"Angelpoise","Orbit I","Recitals",2022-08-26,192133,54,false,31rw5p3cxm3uqvvdgoyq5ykue5aa,2025-04-28T10:24:31Z,"","Flying Nun Records",0.357,0.125,7,-21.666,1,0.0288,0.981,0.944,0.104,0.156,95.134,4
